[ 
    { 
        "author" : "Deviched", 
        "name" : "Cityscape", 
        "keyWords" : "City, Cityscape, Buildings, Rain, Grunde, Hipster", 
        "version" : "1.0.0", 
        "dofusVersion" : "2.37", 
        "description" : "A theme composed with photos of the city.", 
        "url" : "https://dl.dropbox.com/s/qgt23y8il7b9ja9/NSFWHarebourgTheme.zip", 
        "previewUrl" : "http://i.imgur.com/PpvcRIw.png", 
        "creationDate" : "24/10/2016", 
        "modificationDate" : "24/10/2016" 
    } 
]